{"cameraMode":{"drawMode":0,"name":"Shaded","section":"Shading Mode"},"sceneLighting":false,"audioPlay":false,"sceneViewState":{"m_AlwaysRefresh":false,"showFog":true,"showSkybox":false,"showFlares":true,"showImageEffects":true,"showParticleSystems":true,"showVisualEffectGraphs":true,"m_FxEnabled":true},"in2DMode":false,"pivot":{"x":0.002732888562604785,"y":-0.0033845955040305855,"z":0.003873512614518404},"rotation":{"x":-0.5875478982925415,"y":0.354521244764328,"z":0.6539415717124939,"w":0.3185548484325409},"size":1.3605097532272339,"orthographic":true}