{"cameraMode":{"drawMode":0,"name":"Shaded","section":"Shading Mode"},"sceneLighting":false,"audioPlay":false,"sceneViewState":{"m_AlwaysRefresh":false,"showFog":true,"showSkybox":false,"showFlares":true,"showImageEffects":true,"showParticleSystems":true,"showVisualEffectGraphs":true,"m_FxEnabled":true},"in2DMode":false,"pivot":{"x":-9.978202819824219,"y":-1.4153107404708863,"z":-0.43956613540649416},"rotation":{"x":0.17213474214076997,"y":0.16492873430252076,"z":0.02924608439207077,"w":-0.9707316756248474},"size":1.747689127922058,"orthographic":false}