{"cameraMode":{"drawMode":0,"name":"Shaded","section":"Shading Mode"},"sceneLighting":false,"audioPlay":false,"sceneViewState":{"m_AlwaysRefresh":false,"showFog":true,"showSkybox":false,"showFlares":true,"showImageEffects":true,"showParticleSystems":true,"showVisualEffectGraphs":true,"m_FxEnabled":true},"in2DMode":false,"pivot":{"x":-0.046030282974243167,"y":0.25902771949768069,"z":-0.019211530685424806},"rotation":{"x":0.18821491301059724,"y":0.3781636655330658,"z":-0.07882873713970185,"w":0.9029621481895447},"size":1.2809370756149293,"orthographic":false}