{"cameraMode":{"drawMode":0,"name":"Shaded","section":"Shading Mode"},"sceneLighting":false,"audioPlay":false,"sceneViewState":{"m_AlwaysRefresh":false,"showFog":true,"showSkybox":false,"showFlares":true,"showImageEffects":true,"showParticleSystems":true,"showVisualEffectGraphs":true,"m_FxEnabled":true},"in2DMode":false,"pivot":{"x":-3.5775198936462404,"y":-3.886901617050171,"z":-0.29641425609588625},"rotation":{"x":-0.14026223123073579,"y":0.20920909941196443,"z":0.0303364098072052,"w":0.9672922492027283},"size":1.6545498371124268,"orthographic":false}