{"cameraMode":{"drawMode":0,"name":"Shaded","section":"Shading Mode"},"sceneLighting":true,"audioPlay":false,"sceneViewState":{"m_AlwaysRefresh":false,"showFog":true,"showSkybox":true,"showFlares":true,"showImageEffects":true,"showParticleSystems":true,"showVisualEffectGraphs":true,"m_FxEnabled":true},"in2DMode":false,"pivot":{"x":14.232270240783692,"y":-1.2909202575683594,"z":-4.644203186035156},"rotation":{"x":-0.24588480591773988,"y":-0.0647975355386734,"z":0.016475027427077295,"w":-0.9669948220252991},"size":15.392251968383789,"orthographic":false}