{"cameraMode":{"drawMode":0,"name":"Shaded","section":"Shading Mode"},"sceneLighting":false,"audioPlay":false,"sceneViewState":{"m_AlwaysRefresh":false,"showFog":true,"showSkybox":true,"showFlares":true,"showImageEffects":true,"showParticleSystems":true,"showVisualEffectGraphs":true,"m_FxEnabled":true},"in2DMode":false,"pivot":{"x":33.353633880615237,"y":12.023752212524414,"z":-22.984045028686525},"rotation":{"x":0.1195530891418457,"y":0.05122151970863342,"z":-0.006170727778226137,"w":0.9914929866790772},"size":10.250601768493653,"orthographic":true}