{"cameraMode":{"drawMode":0,"name":"Shaded","section":"Shading Mode"},"sceneLighting":true,"audioPlay":false,"sceneViewState":{"m_AlwaysRefresh":false,"showFog":true,"showSkybox":true,"showFlares":true,"showImageEffects":true,"showParticleSystems":true,"showVisualEffectGraphs":true,"m_FxEnabled":true},"in2DMode":false,"pivot":{"x":14.232270240783692,"y":-1.2909202575683594,"z":-4.644203186035156},"rotation":{"x":-0.0015396018279716373,"y":-0.9968782663345337,"z":-0.0764101892709732,"w":0.02005278691649437},"size":18.580759048461915,"orthographic":true}