{"cameraMode":{"drawMode":0,"name":"Shaded","section":"Shading Mode"},"sceneLighting":true,"audioPlay":false,"sceneViewState":{"m_AlwaysRefresh":false,"showFog":true,"showSkybox":true,"showFlares":true,"showImageEffects":true,"showParticleSystems":true,"showVisualEffectGraphs":true,"m_FxEnabled":true},"in2DMode":false,"pivot":{"x":-0.01443779468536377,"y":-5.327404022216797,"z":-0.3630390167236328},"rotation":{"x":0.1472739577293396,"y":0.0947972759604454,"z":-0.01418185792863369,"w":0.9844405055046082},"size":26.675498962402345,"orthographic":false}