{"cameraMode":{"drawMode":0,"name":"Shaded","section":"Shading Mode"},"sceneLighting":true,"audioPlay":false,"sceneViewState":{"m_AlwaysRefresh":false,"showFog":true,"showSkybox":true,"showFlares":true,"showImageEffects":true,"showParticleSystems":true,"showVisualEffectGraphs":true,"m_FxEnabled":true},"in2DMode":false,"pivot":{"x":0.0005593122914433479,"y":-0.00897924043238163,"z":0.007181926630437374},"rotation":{"x":-0.10760603845119477,"y":0.8536451458930969,"z":-0.4707912504673004,"w":-0.19511207938194276},"size":0.00585280591621995,"orthographic":false}