{"cameraMode":{"drawMode":0,"name":"Shaded","section":"Shading Mode"},"sceneLighting":true,"audioPlay":false,"sceneViewState":{"m_AlwaysRefresh":false,"showFog":true,"showSkybox":true,"showFlares":true,"showImageEffects":true,"showParticleSystems":true,"showVisualEffectGraphs":true,"m_FxEnabled":true},"in2DMode":false,"pivot":{"x":-0.04603026807308197,"y":0.2590276896953583,"z":-0.01921151578426361},"rotation":{"x":0.08536750078201294,"y":0.18569791316986085,"z":-0.016196617856621743,"w":0.978757917881012},"size":13.297891616821289,"orthographic":false}