{"cameraMode":{"drawMode":0,"name":"Shaded","section":"Shading Mode"},"sceneLighting":false,"audioPlay":false,"sceneViewState":{"m_AlwaysRefresh":false,"showFog":true,"showSkybox":true,"showFlares":true,"showImageEffects":true,"showParticleSystems":true,"showVisualEffectGraphs":true,"m_FxEnabled":true},"in2DMode":false,"pivot":{"x":9.871521949768067,"y":-18.788625717163087,"z":3.218046188354492},"rotation":{"x":0.016436949372291566,"y":-0.08687983453273773,"z":0.0014144120505079628,"w":0.9960886836051941},"size":157.28590393066407,"orthographic":false}